gene,custom,cosmic,clinvar-all-cancer,FM-combined,ucsf500v2,civic,broad-target,msk-impact,umich-mioncoseq
AAGAB,,,X,,,,,,
ABCA3,,,X,,,,,,
ABCA5,,,X,,,,,,
ABCB1,,,X,,,X,,,
ABCB11,,,X,,,,,,
ABCB4,,,X,,,,,,
ABCC10,,,,,,X,,,
ABCC11,,,X,,,,,,
ABCC3,,,,,,X,,,
ABCC4,,,X,,,,,,
ABCC9,,,X,,,,,,
ABCE1,,,X,,,,,,
ABCF3,,,X,,,,,,
ABCG2,,,,,,X,,,
ABCG4,,,X,,,,,,
ABI1,,X,,X,,,,,
ABL1,,X,X,X,X,X,X,X,X
ABL2,,X,,X,X,,,,X
ABRAXAS1,,,X,,,,,X,
ACAN,,,X,,,,,,
ACKR3,,X,,,,,,,
ACRV1,,,X,,,,,,
ACSL3,,X,,,,,,,
ACSL6,,X,,X,,,,,
ACTA1,,,,,,X,,,
ACTB,,,X,X,,,,,
ACVR1,,X,X,,X,,,,
ACVR1B,,,X,X,X,,,,
ACVR2A,,X,,,,,,,
ADA,,,X,,,,,,X
ADAMTS3,,,X,,,,,,
ADAT1,,,X,,,,,,
ADGRA2,,,,X,X,,,,
ADRM1,,,X,,,,,,
AEBP1,,,,,,X,,,
AFDN,,,,X,,,,,
AFF1,,X,,X,,,,,
AFF3,,X,,,,,,,
AFF4,,X,,X,,,,,
AGPAT2,,,X,,,,,,
AGR2,,,,,,X,,,
AHRR,,,X,,,,,,
AIFM1,,,X,,,,,,
AIP,,,X,,,,,,
AJUBA,,,,,X,,,,
AK2,,,X,,,,,,
AKAP1,,,X,,,,,,
AKAP9,,X,,,,,,,
AKR1C3,,,X,,,,,,
AKT1,,X,X,X,X,X,X,X,X
AKT2,,X,X,X,X,X,X,X,X
AKT3,,,X,X,X,X,X,X,X
ALCAM,,,,,,X,,,
ALDH1A2,,,,,,X,,,
ALDH2,,X,,,,,,,
ALDH5A1,,,X,,,,,,
ALDH9A1,,,X,,,,,,
ALK,,X,X,X,X,X,X,X,X
ALOX12B,,,,,,,,X,
ALOX5,,,X,,,,,,
ALX3,,,X,,,,,,
AMER1,,X,X,X,X,,,X,
AMFR,,,X,,,,,,
AMZ2,,,X,,,,,,
ANKRD12,,,X,,,,,,
ANKRD30A,,,X,,,,,,
ANO9,,,X,,,,,,
AP2S1,,,X,,,,,,
AP3B1,,,X,,,,,,
APC,,X,X,X,X,X,X,X,X
APH1A,,,,X,,,,,
APOBEC3B,,X,,,,,,,
APOBEC3G,,,,,X,,,,
AR,,X,X,X,X,X,X,X,X
ARAF,,,X,X,X,X,X,X,
ARAP3,,,X,,,,,,
AREG,,,,,,X,,,
ARFRP1,,,,X,X,,,,
ARHGAP20,,,X,,,,,,
ARHGAP26,,X,X,X,,,,,
ARHGAP35,,,X,,X,,,,
ARHGEF12,,X,,X,,,,,
ARHGEF15,,,X,,,,,,
ARHGEF25,,,X,,,,,,
ARHGEF40,,,X,,,,,,
ARID1A,,X,,X,X,X,,X,
ARID1B,,X,,X,X,,,X,
ARID2,,X,,X,X,,,X,
ARID5B,,,,,X,,,X,
ARMC12,,,X,,,,,,
ARNT,,X,,X,,,,,
ARPP21,,,X,,,,,,
ASH2L,,,,,X,,,,
ASIC2,,,X,,,,,,
ASMTL,,,,X,,,,,
ASNA1,,,X,,,,,,
ASNS,,,,,,X,,,
ASPRV1,,,X,,,,,,
ASPSCR1,,X,,,,,,,
ASXL1,,X,,X,X,X,X,X,
ASXL2,,,,,X,,,X,
ATF1,,X,,X,X,,,,
ATG13,,,X,,,,,,
ATG2B,,,X,,,,,,
ATG5,,,,X,,,,,
ATIC,,X,,X,,,,,
ATL3,,,X,,,,,,
ATM,,X,X,X,X,X,X,X,X
ATP1A1,,X,X,,,,,,
ATP2B3,,X,X,,,,,,
ATP2B4,,,X,,,,,,
ATP6AP1,,,X,,,,,,
ATP6V0A1,,,X,,,,,,
ATR,,X,X,X,X,X,X,X,
ATRX,,X,X,X,X,X,,X,
AURKA,,,,X,X,X,X,X,X
AURKB,,,,X,X,,,X,
AXIN1,,X,X,X,X,,,X,
AXIN2,,X,X,,X,,,X,X
AXL,,,,X,X,X,,X,
B2M,,X,X,X,,X,,X,
B3GALT1,,,X,,,,,,
B3GALT2,,,X,,,,,,
B3GALT6,,,X,,,,,,
B4GALT1,,,,,,X,,,
BABAM2,,,X,,,,,,
BACH1,,,,X,,,,,
BAP1,,X,X,X,X,X,X,X,
BARD1,,,X,X,X,,,X,
BAX,,,X,,,,,,
BBC3,,,,,,,,X,
BCL10,,X,X,X,,,,,
BCL11A,,X,,X,,,,,
BCL11B,,X,,X,,,,,
BCL2,,X,,X,X,X,X,X,X
BCL2A1,,,,,X,,,,
BCL2L1,,,,X,X,,,X,
BCL2L11,,,,,,X,,X,
BCL2L12,,,,,X,,,,
BCL2L2,,,,X,X,,,,
BCL3,,X,,X,,,,,
BCL5,,X,,,,,,,
BCL6,,X,,X,X,,,X,
BCL7A,,X,,X,,,,,
BCL9,,X,,X,,,,,
BCL9L,,X,,,,,,,
BCOR,,X,,X,X,X,,X,
BCORL1,,X,,X,X,,,,
BCR,,X,,X,,,,,
BEND5,,,X,,,,,,
BICRAL,,,X,,,,,,
BIRC3,,X,,X,,X,,,
BIRC5,,,,,,X,,,
BIRC7,,,,,,X,,,
BLM,,X,X,X,X,,,X,
BMPER,,,X,,,,,,
BMPR1A,,X,X,,,,,X,
BRAF,,X,X,X,X,X,X,X,X
BRCA1,,X,X,X,X,X,X,X,
BRCA2,,X,X,X,X,X,X,X,X
BRCC3,,,X,,,,,,
BRD2,,,,,,,X,,
BRD3,,X,,,,,X,,
BRD4,,X,,X,X,X,X,X,
BRD7,,,X,,,,,,
BRF2,,,X,,,,,,
BRIP1,,X,X,X,X,,,X,
BRSK1,,,,X,,,,,
BTBD11,,,X,,,,,,
BTBD16,,,X,,,,,,
BTG1,,X,,X,X,,,,
BTG2,,,,X,,,,,
BTK,,X,X,X,X,X,,X,
BTLA,,,,X,,,,,
BUB1,,,X,,,,,,
BUB1B,,X,X,,,,,,
C12orf9,,X,,,,,,,
C15orf65,,X,,,,,,,
C17orf80,,,X,,,,,,
C1GALT1C1,,,X,,,,,,
C1R,,,X,,,,,,
C1S,,,X,,,,,,
C2CD6,,,X,,,,,,
C2orf44,,X,,,,,,,
C3AR1,,,X,,,,,,
C5,,,X,,,,,,
C6orf222,,,X,,,,,,
CABIN1,,,X,,,,,,
CACNA1C,,,X,,,,,,
CACNA1D,,X,X,,,,,,
CACNA1H,,,X,,,,,,
CACNA1S,,,X,,,,,,
CAD,,,,X,,,,,
CADM3,,,X,,,,,,
CADPS,,,X,,,,,,
CALR,,X,X,X,X,X,,,
CAMTA1,,X,,X,,,,,
CAND1,,,X,,,,,,
CANT1,,X,,,,,,,
CAPN6,,,X,,,,,,
CARD11,,X,,X,X,,,X,
CARD14,,,X,,,,,,
CARS,,X,,X,,,,,
CASC5,,X,,,,,,,
CASP10,,,X,,,,,,
CASP8,,X,X,,,X,,X,
CASQ2,,,X,,,,,,
CASR,,,X,,,,,,
CBFA2T3,,X,,X,,,,,
CBFB,,X,,X,X,X,,X,
CBL,,X,X,X,X,,,X,
CBLB,,X,,,X,X,,,
CBLC,,X,,,,X,,,
CBX7,,,X,,,,,,
CBY1,,,X,,,,,,
CCDC171,,,X,,,,,,
CCDC180,,,X,,,,,,
CCDC6,,X,,,,,,,
CCDC71L,,,X,,,,,,
CCL11,,,X,,,,,,
CCM2,,,X,,,,,,
CCNB1IP1,,X,,,,,,,
CCND1,,X,,X,X,X,X,X,
CCND2,,X,,X,X,X,X,X,
CCND3,,X,,X,X,X,X,X,
CCNE1,,X,,X,X,X,X,X,
CCT6B,,,,X,,,,,
CCT7,,,X,,,,,,
CD19,,,X,,,,,,
CD2,,,X,,,,,,
CD22,,,,X,,,,,
CD244,,,X,,,,,,
CD27,,,X,,,,,,
CD274,,X,,X,X,X,,X,
CD276,,,,,,,,X,
CD2AP,,,X,,,,,,
CD36,,,,X,,,,,
CD40LG,,,X,,,,,,
CD44,,,,,,X,,,
CD52,,,,,,,,,X
CD70,,,,,,,,,X
CD74,,X,,,,,,,
CD79A,,X,,X,X,,,,
CD79B,,X,,X,X,,,X,
CDA,,,,,,,,,X
CDC42,,,,,X,,,,
CDC73,,X,X,X,X,,,X,
CDH1,,X,X,X,X,X,X,X,X
CDH11,,X,,,,,,,
CDH3,,,X,,,,,,
CDK12,,X,,X,X,X,X,X,
CDK2,,,,,,X,,,
CDK4,,X,X,X,X,X,X,X,
CDK6,,X,,X,X,X,X,X,
CDK8,,,,X,X,,,X,
CDKN1A,,,,X,X,X,X,X,X
CDKN1B,,X,X,X,X,X,X,X,X
CDKN1C,,,X,,,,,,
CDKN2A,,X,X,X,X,X,X,X,X
CDKN2AIP,,,X,,,,,,
CDKN2B,,,,X,X,X,X,X,
CDKN2C,,X,,X,X,,,X,
CDX2,,X,,X,,X,,,
CEBPA,,X,X,X,X,X,X,,
CEP89,,X,,,,,,,
CERS3,,,X,,,,,,
CFAP43,,,X,,,,,,
CFAP65,,,X,,,,,,
CFLAR,,,,,,X,,,
CFTR,,,X,,,,,,
CHAC1,,,X,,,,,,
CHAF1B,,,X,,,,,,
CHCHD7,,X,,,,,,,
CHD1,,,,,X,,,,
CHD2,,,X,X,X,,,,
CHD4,,X,,X,X,,,,
CHD5,,,,,X,,,,
CHEK1,,,X,X,X,,,X,
CHEK2,,X,X,X,X,X,,X,
CHGB,,,X,,,,,,
CHIC1,,,X,,,,,,
CHIC2,,X,,X,,,,,
CHN1,,,,X,,,,,
CIC,,X,,X,X,,,X,
CIITA,,X,,X,,,,,
CKAP5,,,X,,,,,,
CLCN7,,,X,,,,,,
CLDN18,,,,,X,,,,
CLIP1,,X,,,,,,,
CLP1,,X,,X,,,,,
CLPTM1L,,,X,,,,,,
CLTC,,X,,X,,,,,
CLTCL1,,X,,X,,,,,
CNBP,,X,,,,,,,
CNGA1,,,X,,,,,,
CNNM1,,,X,,,,,,
CNOT3,,X,,,X,,,,
CNOT9,,,X,,,,,,
CNTFR,,,X,,,,,,
CNTRL,,X,,X,,,,,
COG1,,,X,,,,,,
COL1A1,,X,X,X,X,,,,
COL24A1,,,X,,,,,,
COL2A1,,X,,,X,,,,
COL5A1,,,X,,,,,,
COL7A1,,,X,,,,,,
COPS6,,,X,,,,,,
CORIN,,,X,,,,,,
CORO6,,,X,,,,,,
COX6C,,X,,,,,,,
CPA6,,,X,,,,,,
CPAMD8,,,X,,,,,,
CPS1,,,,X,,,,,
CPSF7,,,X,,,,,,
CPXM2,,,X,,,,,,
CR2,,,X,,,,,,
CRBN,,,,,,X,,,
CRCT1,,,,,X,,,,
CREB1,,X,,,X,,,,
CREB3,,,X,,,,,,
CREB3L1,,X,,X,,,,,
CREB3L2,,X,,X,,,,,
CREBBP,,X,X,X,X,X,X,X,
CRKL,,,,X,X,,X,X,
CRLF2,,X,X,X,,,,X,
CRNKL1,,,X,,,,,,
CRTC1,,X,,,,,,,
CRTC3,,X,X,,,,,,
CRX,,,X,,,,,,
CSF1,,,,X,,X,,,
CSF1R,,,X,X,X,X,,X,X
CSF3R,,X,X,X,X,X,,,
CSMD2,,,X,,,,,,
CTAG1B,,,,,,X,,,
CTAG2,,,,,,X,,,
CTC1,,,X,,,,,,
CTCF,,X,,X,X,,,X,
CTLA4,,,,,,X,,X,
CTNNA1,,,X,X,X,,,,
CTNNB1,,X,X,X,X,X,X,X,X
CTRB1,,,X,,,,,,
CTRC,,,X,,,,,,
CTSE,,,X,,,,,,
CTTNBP2,,,X,,,,,,
CUL3,,,,X,X,,,X,
CUX1,,X,,X,X,,,,
CXCR4,,X,,X,X,X,,,
CYLD,,X,X,X,X,,,,
CYP2A6,,,X,,,,,,
CYP2A7,,,X,,,,,,
CYP2D6,,,,,,X,,,X
CYSLTR1,,,X,,,,,,
DAXX,,X,,X,,,,X,
DAZAP1,,,X,,,,,,
DCC,,,X,,X,X,,,
DCHS2,,,X,,,,,,
DCK,,,,,,,,,X
DCLRE1C,,,X,,,,,,
DCTN1,,X,,,,,,,
DCUN1D1,,,,,,,,X,
DDB2,,X,X,,,,,,
DDIT3,,X,,X,X,X,,,
DDR2,,X,X,X,X,X,X,X,
DDX10,,X,,X,,,,,
DDX3X,,X,,X,X,,,,
DDX41,,,X,,X,X,,,
DDX43,,,,,,X,,,
DDX5,,X,,,,,,,
DDX50,,,X,,,,,,
DDX6,,X,,X,,,,,
DDX60,,,X,,,,,,
DDX60L,,,X,,,,,,
DEAF1,,,X,,,,,,
DEFA1,,,,,,X,,,
DEK,,X,,X,,,,,
DGAT2L6,,,X,,,,,,
DGCR6L,,,X,,,,,,
DGKH,,,,,X,,,,
DHCR24,,,X,,,,,,
DHDH,,,X,,,,,,
DHFR,,,X,,,,,,
DHX29,,,X,,,,,,
DICER1,,X,X,X,X,,,X,
DIS3,,,,,X,,,X,
DIS3L,,,X,,,,,,
DIS3L2,,,X,,,,,,
DKC1,,,X,,,,,,
DKK1,,,,,,X,,,
DLAT,,,X,,,,,,
DLC1,,,X,,,,,,
DLL1,,,X,,,,,,
DNAH3,,,X,,,,,,
DNAH8,,,X,,,,,,
DNAH9,,,X,,,,,,
DNAJB1,,X,,,X,,,,
DNAJC6,,,X,,,,,,
DNM2,,X,,X,,,,,
DNMT1,,,,,,X,,X,X
DNMT3A,,X,X,X,X,X,X,X,
DNMT3B,,,,,,,,X,
DOCK2,,,X,,,,,,
DOCK5,,,X,,,,,,
DOCK8,,,X,,,,,,
DOT1L,,,,X,X,,,X,
DPH7,,,X,,,,,,
DPPA4,,,X,,,,,,
DPYD,,,X,,,X,,,X
DROSHA,,X,,,,,,,
DSCAML1,,,X,,,,,,
DSP,,,X,,,,,,
DUSP2,,,,X,X,,,,
DUSP22,,,,X,,,,,
DUSP4,,,,,X,,,,
DUSP6,,,,,X,X,,,
DUSP9,,,,X,,,,,
DUX4,,,,,,X,,,
DUX4L1,,X,,,,,,,
DYM,,,X,,,,,,
DYNC1I1,,,,,X,,,,
E2F1,,,X,,,,,,
E2F3,,,,,,,,X,
EBF1,,X,,X,X,,,,
ECSCR,,,,,,X,,,
ECT2L,,X,,X,,,,,
EDNRB,,,,,X,,,,
EED,,,,X,,,,X,
EFCAB6,,,X,,,,,,
EFNA2,,,,,,X,,,
EGF,,,,,,X,,,
EGFL7,,,,,,,,X,
EGFR,,X,X,X,X,X,X,X,X
EGR1,,,,,X,,,,
EHBP1,,,X,,,,,,
EIF1AX,,,,,X,X,,X,
EIF2AK4,,,X,,,,,,
EIF3E,,X,,,,,,,
EIF4A2,,X,,X,,,,,
EIF4EBP1,,,,,,X,,,
EIF4G3,,,X,,,,,,
ELAC2,,,X,,,,,,
ELANE,,,X,,,,,,
ELF3,,,,,X,,,,
ELF4,,X,,X,,,,,
ELK4,,X,,,,,,,
ELL,,X,,X,,,,,
ELN,,X,,X,,,,,
ELOA2,,,X,,,,,,
ELOC,,,X,,,,,,
ELP4,,,X,,,,,,
EMILIN1,,,X,,,,,,
EML4,,X,,X,,,,,
EMSY,,,,X,X,,,,
ENOX1,,,X,,,,,,
ENPP7,,,X,,,,,,
ENTPD3,,,X,,,,,,
EP300,,X,X,X,X,,,X,
EPAS1,,X,,,,X,,,
EPCAM,,,X,,X,X,,X,
EPHA2,,,X,,X,,,,
EPHA3,,,,X,X,,X,X,X
EPHA5,,,X,X,X,,,X,X
EPHA6,,,,,,,,,X
EPHA7,,,,X,X,,,,
EPHB1,,,,X,X,,,X,
EPHB2,,,X,,,,,,
EPHB4,,,,,,X,,,
EPOR,,,X,X,X,,,,
EPS15,,X,,X,,,,,
EPSTI1,,,X,,,,,,
ERBB2,,X,X,X,X,X,X,X,X
ERBB3,,X,X,X,X,X,X,X,X
ERBB4,,X,X,X,X,X,X,X,X
ERBIN,,,X,,,,,,
ERC1,,X,,,,,,,
ERCC1,,,X,,X,X,,,X
ERCC2,,X,X,,X,X,X,X,
ERCC3,,X,X,,,,,X,
ERCC4,,X,X,,,,,X,
ERCC5,,X,X,,,X,,X,
ERCC6,,,X,,,,,,
EREG,,,,,,X,,,
ERG,,X,,X,X,X,X,X,X
ERRFI1,,,,X,X,X,X,,
ESPL1,,,,,X,,,,
ESR1,,X,X,X,X,X,X,X,X
ESR2,,,,,X,,,,
ETNK1,,X,,,,,,,
ETS1,,,,X,X,,,,
ETS2,,,,,,X,,,
ETV1,,X,,X,,,X,X,
ETV4,,X,,X,,X,X,,
ETV5,,X,,X,,,X,,
ETV6,,X,X,X,X,X,X,X,
EWSR1,,X,,X,X,X,X,X,
EXOC2,,,X,,,,,,
EXOSC6,,,,X,,,,,
EXT1,,X,X,,,,,,
EXT2,,X,X,,,,,,
EYA1,,,X,,,,,,
EZH1,,,,,X,,,,
EZH2,,X,X,X,X,X,X,X,X
EZR,,X,,,,,,,
F2,,,X,,,,,,
F5,,,X,,,,,,
FAF1,,,,X,,,,,
FAH,,,X,,,,,,
FAM131B,,X,,,,,,,
FAM13C,,,X,,,,,,
FAM160A2,,,X,,,,,,
FAM189A2,,,X,,,,,,
FAM46C,,X,,X,X,,,X,
FAM83C,,,X,,,,,,
FANCA,,X,X,X,X,,,X,
FANCB,,,X,,,,,,
FANCC,,X,X,X,X,X,,X,
FANCD2,,X,X,X,,,,,
FANCE,,X,X,X,X,,,,
FANCF,,X,X,X,X,,,,
FANCG,,X,X,X,X,,,,
FANCI,,,X,,,,,,
FANCL,,,X,X,X,,,,
FANCM,,,X,,,,,,
FAS,,X,X,X,,,,,
FASLG,,,X,,,,,,
FAT1,,X,,X,X,,,X,
FAT3,,,,,X,,,,
FAT4,,X,,,,,,,
FAXC,,,X,,,,,,
FBN2,,,X,,,,,,
FBXL5,,,X,,,,,,
FBXO11,,X,,X,,,,,
FBXO18,,,X,,,,,,
FBXO31,,,,X,,,,,
FBXW7,,X,X,X,X,X,X,X,X
FCGR2A,,,,,,X,,,
FCGR2B,,X,,X,,X,,,
FCGR3A,,,,,,X,,,
FCN1,,,X,,,,,,
FCN3,,,X,,,,,,
FCRL4,,X,,X,,,,,
FES,,X,,,,,,,
FEV,,X,,X,,,,,
FGD2,,,X,,,,,,
FGF10,,,,X,X,,,,
FGF13,,,,,,X,,,
FGF14,,,,X,X,,,,
FGF19,,,,X,X,,,X,
FGF2,,,,,,X,,,
FGF23,,,,X,X,,,,
FGF3,,,,X,X,X,,X,
FGF4,,,,X,X,,,X,
FGF6,,,,X,X,,,,
FGFR1,,X,X,X,X,X,X,X,X
FGFR1OP,,X,,X,,,,,
FGFR2,,X,X,X,X,X,X,X,X
FGFR3,,X,X,X,X,X,X,X,X
FGFR4,,X,X,X,X,,,X,X
FH,,X,X,X,X,,,X,
FHIT,,X,,X,,,,,X
FIBP,,,X,,,,,,
FIP1L1,,X,,,,,,,
FKBP9,,,,,,,,,X
FLCN,,X,X,X,X,,X,X,X
FLI1,,X,X,X,,X,,,
FLT1,,,X,X,X,,,X,
FLT3,,X,X,X,X,X,X,X,X
FLT4,,X,X,X,X,,,X,
FLVCR2,,,X,,,,,,
FLYWCH1,,,,X,,,,,
FN1,,,X,,,,,,
FNBP1,,X,,X,,,,,
FNTB,,,,,,X,,,
FOLR1,,,X,,,,,,
FOLR2,,,,,,,,,X
FOS,,,,,,X,,,
FOXA1,,X,,,X,,,X,
FOXL2,,X,X,X,X,X,,X,
FOXM1,X,,,,,,,,
FOXO1,,X,,X,X,,,,
FOXO3,,X,,X,,,,,
FOXO4,,X,,X,,,,,
FOXP1,,X,,X,X,X,,X,
FOXP3,,,,,,X,,,
FPR1,,,X,,,,,,
FREM2,,,X,,,,,,
FRS2,,,,X,X,,,,
FSTL3,,X,,X,,,,,
FUBP1,,X,X,X,X,,,X,
FUS,,X,X,X,X,,,,
FYN,,,,,X,,,,
G6PC,,,X,,,,,,
G6PC3,,,X,,,,,,
GAB2,,,,,X,,,,
GABRA6,,,,X,,,,,
GABRB2,,,X,,,,,,
GABRG1,,,X,,,,,,
GADD45A,,,,,,X,,,
GADD45B,,,,X,,,,,
GALNT12,,,X,,,,,,
GAPDHS,,,X,,,,,,
GART,,,,,,,,,X
GAS6,,,,,,X,,,
GAS7,,X,,X,,,,,
GATA1,,X,X,X,X,,,X,
GATA2,,X,X,X,X,X,,X,
GATA3,,X,X,X,X,,,X,
GATA4,,,,X,,,,,
GATA6,,,,X,,,,,
GBA,,,X,,,,,,
GDF10,,,X,,,,,,
GEN1,,,X,,,,,,
GFI1,,,X,,,,,,
GFRA3,,,X,,,,,,
GID4,,,,X,,,,,
GJB2,,,X,,,,,,
GLI1,,,X,X,X,X,,,
GLI2,,,,,X,,,,
GMPS,,X,,X,,,,,
GNA11,,X,X,X,X,X,X,X,
GNA13,,,,X,X,,,,
GNAI2,,,X,,,,,,
GNAQ,,X,X,X,X,X,X,X,X
GNAS,,X,X,X,X,X,X,X,X
GNB1,,,X,,,,,,
GNGT1,,,X,,,,,,
GNPAT,,,X,,,,,,
GNPTAB,,,X,,,,,,
GOLGA5,,X,,,,,,,
GOPC,,X,,,,,,,
GPC3,,X,X,,X,,,,
GPC6,,,X,,,,,,
GPHN,,X,,X,,,,,
GPR26,,,X,,,,,,
GPR55,,,X,,,,,,
GPR82,,,X,,,,,,
GREM1,,,X,,,,,X,
GRID1,,,X,,,,,,
GRIN1,,,X,,,,,,
GRIN2A,,X,,X,X,,,X,
GRM3,,,,X,X,,,,
GRM8,,,X,,,,,,
GRWD1,,,X,,,,,,
GSK3B,,,,X,X,,,X,
GSN,,,X,,,,,,
GSTP1,,,,,,X,,,
GTF2H5,,,X,,,,,,
GUCY1A3,,,X,,,,,,
GUSB,,,X,,,,,,
H19,,,X,,,,,,
H3F3A,,X,X,X,X,,,,
H3F3B,,X,,,X,,,,
H3F3C,,,,,,,,X,
HAMP,,,X,,,,,,
HAVCR2,,,,,,X,,,
HAX1,,,X,,,,,,
HDAC1,,,,,,,,,X
HDAC4,,,X,,X,,,,
HDAC7,,,,X,,,,,
HDAC9,,,,,X,,,,
HEBP2,,,X,,,,,,
HEPACAM2,,,X,,,,,,
HERC2,,,X,,,,,,
HERPUD1,,X,,X,,,,,
HEY1,,X,,X,X,,,,
HFE2,,,X,,,,,,
HGF,,,,X,X,X,,X,
HHIPL1,,,X,,,,,,
HIF1A,,X,X,,X,X,,,
HIP1,,X,,X,,,,,
HIPK4,,,X,,,,,,
HIRA,,,X,,,,,,
HIST1H1C,,,,X,,,,X,
HIST1H1D,,,,X,,,,,
HIST1H1E,,,,X,,,,,
HIST1H2AC,,,,X,,,,,
HIST1H2BC,,,,X,,,,,
HIST1H2BD,,,,,,,,X,
HIST1H2BJ,,,,X,,,,,
HIST1H2BK,,,,X,,,,,
HIST1H2BO,,,,X,,,,,
HIST1H3B,,X,,X,X,,,X,
HIST1H3I,,,X,,,,,,
HIST1H4I,,X,,X,,,,,
HLA-A,,X,,,,,,,
HLA-C,,,,,,X,,,
HLA-DRA,,,,,,X,,,
HLF,,X,X,X,,,,,
HMBS,,,X,,,,,,
HMCN1,,,X,,,,,,
HMGA1,,X,,X,,,,,
HMGA2,,X,,X,X,,,,
HMGN2P46,,X,,,,,,,
HMOX1,,,,,,X,,,
HNF1A,,X,X,X,X,,,X,
HNF1B,,,X,,,,,,
HNMT,,,X,,,,,,
HNRNPA2B1,,X,,,,,,,
HOOK3,,X,,,,,,,
HOXA11,,X,,X,,,,,
HOXA13,,X,,X,,,,,
HOXA3,,,,X,,,,,
HOXA9,,X,,X,,,,,
HOXB13,,,X,,X,X,,,
HOXC11,,X,,X,,,,,
HOXC13,,X,,X,,,,,
HOXD11,,X,,X,,,,,
HOXD13,,X,,X,,,,,
HOXD4,,,X,,,,,,
HPGD,,,X,,,,,,
HPS3,,,X,,,,,,
HRAS,,X,X,X,X,X,X,X,X
HSD3B1,,,,X,,,,,
HSP90AA1,,X,,X,,,,,X
HSP90AB1,,X,,X,X,,,,
HSPA2,,,,,X,,,,
HSPA5,,,,,X,X,,,
HSPB1,,,,,,X,,,
HSPH1,,,,,,X,,,
HTR2C,,,X,,,,,,
HTR5A,,,X,,,,,,
HTRA2,,,X,,,,,,
IBTK,,,X,,,,,,
ICAM1,,,X,,,,,,
ICOSLG,,,,,,,,X,
ID3,,,,X,X,,,,
IDH1,,X,X,X,X,X,X,X,X
IDH2,,X,X,X,X,X,X,X,X
IFIH1,,,X,,,,,,
IFNAR2,,,X,,,,,,
IFNGR1,,,X,,,,,X,
IFT43,,,X,,,,,,
IGF1,,,,,,,,X,
IGF1R,,,,X,X,X,X,X,
IGF2,,,,X,X,X,,X,
IGF2R,,,X,,X,,,,
IGH,,X,,X,,,,,
IGK,,X,,X,,,,,
IGL,,X,,X,,,,,
IKBKB,,X,,,,,,,
IKBKE,,,,X,X,,,X,X
IKZF1,,X,,X,X,X,,X,
IKZF2,,,,,X,,,,
IKZF3,,,,,X,,,,
IL10,,,,,,,,X,
IL10RB,,,X,,,,,,
IL13,,,X,,,,,,
IL2,,X,,,,,,,
IL21R,,X,,X,,,,,
IL2RB,,,,,X,,,,
IL3,,,,X,,,,,
IL33,,,X,,,,,,
IL6ST,,X,,,,,,,
IL7R,,X,X,X,X,,,X,
IMPG2,,,X,,,,,,
ING1,,,X,,,,,,
ING4,,,X,,,,,,
INHBA,,,,X,X,,,,
INMT,,,X,,,,,,
INPP4A,,,,,,,,X,
INPP4B,,,,X,X,,,X,
INPP5D,,,,X,,,,,
INSR,,,,,,,,X,
INTS3,,,X,,,,,,
INTS8,,,X,,,,,,
IPMK,,,,,X,,,,
IRF1,,,X,X,,,,,
IRF2,,,,X,,,,,
IRF4,,X,,X,X,,,X,
IRF8,,,,X,,,,,
IRGQ,,,X,,,,,,
IRS1,,,,,,,,X,
IRS2,,,,X,X,,,X,
ITGAD,,,X,,,,,,
ITGB6,,,X,,,,,,
ITIH5,,,X,,,,,,
ITK,,X,X,X,,,,,
ITPRIPL1,,,X,,,,,,
JAGN1,,,X,,,,,,
JAK1,,X,X,X,X,X,,X,
JAK2,,X,X,X,X,X,X,X,X
JAK3,,X,X,X,X,X,X,X,X
JARID2,,,,X,,,,,
JAZF1,,X,,X,X,,,,
JUN,,X,,X,,X,,X,
KARS,,,X,,,,,,
KAT5,,,X,,,,,,
KAT6A,,X,,X,X,,,,
KAT6B,,X,,,,,,,
KAT7,,,X,,,,,,
KCNF1,,,X,,,,,,
KCNJ1,,,X,,,,,,
KCNJ4,,,X,,,,,,
KCNJ5,,X,,,,,,,
KCNN3,,,X,,,,,,
KCNQ1OT1,,,X,,,,,,
KCNQ3,,,X,,,,,,
KCNQ5,,,X,,,,,,
KCNT1,,,X,,,,,,
KDM2B,,,,X,,,,,
KDM3A,,,X,,,,,,
KDM4C,,,,X,,,,,
KDM4E,,,X,,,,,,
KDM5A,,X,,X,X,,,X,
KDM5C,,X,,X,X,,,X,
KDM6A,,X,X,X,X,,,X,
KDR,,X,X,X,X,X,X,X,
KDSR,,X,,X,,,,,
KEAP1,,X,,X,X,,,X,
KEL,,,,X,,,,,
KHDC3L,,,X,,,,,,
KIAA0100,,,X,,,,,,
KIAA1524,,,,,,X,,,
KIAA1549,,X,,,,,,,
KIAA1598,,X,,,,,,,
KIAA1755,,,X,,,,,,
KIF11,,,X,,,,,,
KIF12,,,X,,,,,,
KIF16B,,,X,,,,,,
KIF1B,,,X,,,,,,
KIF1BP,,,X,,,,,,
KIF23,,,,,,X,,,
KIF5A,,,X,,,,,,
KIF5B,,X,,X,,,,,
KIR2DL3,,,X,,,,,,
KIR3DL1,,,X,,,,,,
KISS1R,,,X,,,,,,
KIT,,X,X,X,X,X,X,X,X
KLF4,,X,,,X,,,X,
KLF6,,X,X,,,,,,
KLHDC8B,,,X,,,,,,
KLHL20,,,X,,,,,,
KLHL6,,,X,X,X,,,,
KLK2,,X,,,,,,,
KLLN,,,,,,X,,,
KMT2A,,X,,X,X,X,X,X,
KMT2B,,,,,X,,,,
KMT2C,,X,,X,,X,,X,
KMT2D,,X,X,X,X,X,,X,
KMT5A,,,X,,,,,,
KNDC1,,,X,,,,,,
KNSTRN,,,X,,X,,,,
KNTC1,,,X,,,,,,
KPRP,,,X,,,,,,
KRAS,,X,X,X,X,X,X,X,X
KRT1,,,X,,,,,,
KRT17,,,X,,,,,,
KRT18,,,,,,X,,,
KRT33A,,,X,,,,,,
KRT6B,,,X,,,,,,
KRT81,,,X,,,,,,
KRT83,,,X,,,,,,
KRT86,,,X,,,,,,
KRT9,,,X,,,,,,
KTN1,,X,,,,,,,
LAMA5,,,X,,,,,,
LARP1B,,,X,,,,,,
LASP1,,X,,X,,,,,
LATS1,,,,,,,,X,
LATS2,,,,,,,,X,
LCK,,X,,,,,,,
LCOR,,,X,,,,,,
LCP1,,X,,X,,,,,
LEF1,,X,X,,X,,,,
LEPR,,,,,,X,,,
LHCGR,,,X,,,,,,
LHFP,,X,,,,,,,
LIFR,,X,,,X,,,,
LIN28A,X,,,,,,,,
LIN28B,X,,,,,,,,
LMAN1L,,,X,,,,,,
LMLN,,,X,,,,,,
LMNA,,X,,,,,,,
LMO1,,X,,X,,,,X,
LMO2,,X,,X,,,,,
LMTK2,,,X,,,,,,
LONP2,,,X,,,,,,
LPIN1,,,X,,,,,,
LPP,,X,,X,,,,,
LRAT,,,X,,,,,,
LRIG3,,X,,,,,,,
LRMDA,,,X,,,,,,
LRP1,,,X,,,,,,
LRP1B,,X,X,X,X,X,,,
LRP5,,,X,,,,,,
LRP6,,,X,,,,,,
LRP8,,,X,,,,,,
LRPAP1,,,X,,,,,,
LRRC37A3,,,X,,,,,,
LRRK2,,,,X,X,,,,
LSM14A,,X,,,,,,,
LYL1,,X,,X,,,,,
LYN,,,,X,,,,,
LZTR1,,X,X,X,X,,,,
LZTS1,,,X,,,,,,
MACF1,,,X,,,,,,
MAD1L1,,,X,,,,,,
MAF,,X,,X,,,,,
MAFB,,X,,X,,,,,
MAGED1,,,,X,,,,,
MAGEH1,,,,,,X,,,
MAGI2,,,X,X,,,,,
MAGT1,,,X,,,,,,
MALAT1,,X,,,X,,,,
MALT1,,X,X,X,,,,,
MAMDC2,,,X,,,,,,
MAML1,,,X,,,,,,
MAML2,,X,,,X,,,,
MAMLD1,,,X,,,,,,
MAP2K1,,X,X,X,X,X,X,X,X
MAP2K2,,X,X,X,X,,X,X,X
MAP2K4,,X,,X,X,,X,X,X
MAP2K7,,,,,,X,,,
MAP3K1,,X,X,X,X,,X,X,
MAP3K13,,X,,,,,,X,
MAP3K14,,,,X,,,,,
MAP3K2,,,,,X,,,,
MAP3K5,,,,,X,,,,
MAP3K6,,,,X,,,,,
MAP3K7,,,,X,X,,,,
MAP3K9,,,,,X,,,,
MAPK1,,X,X,X,X,X,X,X,
MAPK10,,,X,,,,,,
MAPK3,,,,,,,X,,
MAPT,,,X,,,,,,
MAX,,X,X,,,,,X,
MBL2,,,X,,,,,,
MC1R,,,X,,,,,,
MCC,,,X,,,,,,
MCL1,,,,X,X,,X,X,
MCM4,,,X,,,,,,
MDC1,,,,,,,,X,
MDM2,,X,X,X,X,X,X,X,X
MDM4,,X,,X,X,X,X,X,X
MDS2,,X,,X,,,,,
MECOM,,X,,X,,,,,
MED1,,,X,,,,,,
MED12,,X,X,X,X,,X,X,
MEF2B,,,,X,X,,,X,
MEF2C,,,,X,,,,,
MEN1,,X,X,X,X,X,X,X,X
MET,,X,X,X,X,X,X,X,X
MGA,,,,,X,,,,
MGMT,,,X,,X,X,,,
MIB1,,,,X,,,,,
MICAL2,,,X,,,,,,
MINPP1,,,X,,,,,,
MIR218-1,,,,,,X,,,
MITF,,X,X,X,X,X,X,X,
MKI67,,,,,,X,,,
MKL1,,X,,X,,,,,
MKRN3,,,X,,,,,,
MLF1,,X,,X,,,,,
MLH1,,X,X,X,X,X,X,X,X
MLH3,,,X,,X,,,,
MLLT1,,X,,X,,,,,
MLLT10,,X,,X,,,,,
MLLT11,,X,,,,,,,
MLLT3,,X,,X,,,,,
MLLT4,,X,,,,,,,
MLLT6,,X,,X,,,,,
MMP2,,,,,,X,,,
MMP9,,,,,,X,,,
MN1,,X,,X,,,,,
MNX1,,X,,X,,,,,
MPL,,X,X,X,X,,X,X,X
MPLKIP,,,X,,,,,,
MPO,,,X,,,,,,
MPV17,,,X,,,,,,
MRE11,,,X,X,,X,,X,
MRE11A,,,,,X,,,,
MRPL23,,,X,,,,,,
MRPL46,,,X,,,,,,
MS4A1,,,X,,,,,,X
MSH2,,X,X,X,X,X,X,X,X
MSH3,,,X,X,X,,,,
MSH6,,X,X,X,X,X,X,X,X
MSI2,,X,,X,,,,,
MSMB,,,X,,,,,,
MSN,,X,,X,,,,,
MSR1,,,X,,,,,,
MST1R,,,X,,,,,,
MT-CO1,,,X,,,,,,
MT-CO2,,,X,,,,,,
MT-CYB,,,X,,,,,,
MT-ND4L,,,X,,,,,,
MT-ND6,,,X,,,,,,
MT-TE,,,X,,,,,,
MT-TL1,,,X,,,,,,
MT-TT,,,X,,,,,,
MTAP,,,X,,,X,,,
MTBP,,,X,,,,,,
MTCP1,,X,,,,,,,
MTHFR,,,X,,,X,,,X
MTOR,,X,X,X,X,X,X,X,X
MTR,,,X,,,,,,
MTRR,,,X,,,,,,
MUC1,,X,,X,,,,,
MUC17,,,X,,,,,,
MUC5B,,,X,,,,,,
MUC6,,,X,,,,,,
MUTYH,,X,X,X,X,,,X,X
MVD,,,X,,,,,,
MXI1,,,X,,,,,,
MXRA5,,,X,,,,,,
MYB,,X,,X,X,,,,
MYBL1,,,,,X,,,,
MYC,,X,X,X,X,,X,X,
MYCBP2,,,X,,,,,,
MYCL,,X,,X,,X,,X,
MYCL1,,,,,X,,,,
MYCN,,X,X,X,X,X,,X,X
MYD88,,X,X,X,X,X,X,X,
MYH11,,X,,X,,,,,
MYH3,,,X,,,,,,
MYH8,,,X,,,,,,
MYH9,,X,,X,X,,,,
MYLK,,,X,,,,,,
MYO16,,,X,,,,,,
MYO18A,,,X,X,,,,,
MYO1A,,,X,,,,,,
MYO5A,,X,,,,,,,
MYOCD,,,X,,,,,,
MYOD1,,X,,,,,,X,
MYOT,,,X,,,,,,
MYRF,,,X,,,,,,
NAB2,,X,,,,,,,
NACA,,X,,X,,,,,
NAPB,,,X,,,,,,
NAPRT,,,,,,X,,,
NAV3,,,,,X,,,,
NBEAP1,,,,X,,,,,
NBN,,X,X,,X,X,,X,
NCKAP5,,,,,X,,,,
NCKIPSD,,X,,,,,,,
NCOA1,,X,,,,,,,
NCOA2,,X,,X,X,,,,
NCOA3,,,,,X,X,,,
NCOA4,,X,,,,,,,
NCOR1,,X,,,X,,,X,
NCOR2,,X,,X,,,,,
NCSTN,,,,X,,,,,
NDRG1,,X,,X,,,,,
NDUFA13,,,X,,,,,,
NECAP2,,,X,,,,,,
NEDD8-MDP1,,,X,,,,,,
NEDD9,,,,,,X,,,
NEK8,,,X,,,,,,
NEK9,,,X,,,,,,
NELL1,,,X,,,,,,
NEMF,,,X,,,,,,
NETO2,,,X,,,,,,
NF1,,X,X,X,X,X,X,X,X
NF2,,X,X,X,X,X,X,X,X
NFATC2,,X,,,,,,,
NFE2L2,,X,X,X,X,,,X,
NFIB,,X,,,,,,,
NFKB1,,,,,,,,,X
NFKB2,,X,,X,,,,,X
NFKBIA,,,,X,X,,X,,
NFKBIE,,X,,,X,,,,
NHP2,,,X,,,,,,
NHS,,,X,,,,,,
NIN,,X,,X,,,,,
NIPBL,,,,,X,,,,
NKX2-1,,X,X,X,X,,X,X,
NKX3-1,,,,,,,,X,
NLRP1,,,X,,,,,,
NMD3,,,X,,,,,,
NOBOX,,,X,,,,,,
NOD1,,,,X,,,,,
NONO,,X,,,,,,,
NOP10,,,X,,,,,,
NOS1,,,X,,,,,,
NOTCH1,,X,X,X,X,X,X,X,X
NOTCH2,,X,X,X,,,X,X,X
NOTCH3,,,X,X,X,,,X,X
NOTCH4,,,,,,,,X,X
NPM1,,X,X,X,X,X,X,X,X
NQO1,,,,,,X,,,
NR3C1,,,X,,,,,,
NR4A3,,X,,X,,,,,
NRAS,,X,X,X,X,X,X,X,X
NRG1,,X,,,,X,,,
NSD1,,X,X,X,X,,,X,
NSD2,,,,X,X,,,,
NSD3,,,,X,,,,,
NT5C2,,X,X,,X,X,,,
NT5E,,,,,,X,,,
NTN4,,,X,,,,,,
NTRK1,,X,X,X,X,X,,X,X
NTRK2,,,,X,X,,,X,X
NTRK3,,X,,X,X,X,X,X,X
NTS,,,X,,,,,,
NUMA1,,X,,X,,,,,
NUP214,,X,,X,,,,,
NUP93,,,,X,X,,,,
NUP98,,X,,X,,,,,
NUTM1,,X,,,X,,X,X,
NUTM2A,,X,,X,,,,,
NUTM2B,,X,,,,,,,
NWD1,,,X,,,,,,
OCA2,,,X,,,,,,
OGG1,,,X,,,,,,
OIT3,,,X,,,,,,
OLA1,,,X,,,,,,
OLFML3,,,X,,,,,,
OLIG2,,X,,,,,,,
OMD,,X,,X,,,,,
OPCML,,,X,,,,,,
OR14A16,,,X,,,,,,
OR1S2,,,X,,,,,,
OR2T1,,,X,,,,,,
OR2Z1,,,X,,,,,,
OR4C12,,,X,,,,,,
OR5AC2,,,X,,,,,,
OR5L1,,,X,,X,,,,
OR6K2,,,X,,,,,,
OR8K3,,,X,,,,,,
OSTM1,,,X,,,,,,
OXA1L,,,X,,,,,,
P2RY8,,X,,X,,,,,
PAFAH1B2,,X,,X,,,,,
PAG1,,,,X,,,,,
PAK1,,,,,X,,,X,
PAK3,,,,X,X,,,,
PAK4,,,X,,,,,,
PAK5,,,,,,,,X,
PALB2,,X,X,X,X,X,,X,X
PALLD,,,X,,,,,,
PALM2-AKAP2,,,X,,,,,,
PARD3,,,X,,,,,,
PARK2,,,,,X,,,,
PARN,,,X,,,,,,
PARP1,,,,,,,,X,
PAX3,,X,,X,X,,,,
PAX5,,X,,X,X,,,X,
PAX6,,,X,,,,,,
PAX7,,X,,X,X,,,,
PAX8,,X,,,X,X,,X,
PBK,,,,,,X,,,
PBRM1,,X,X,X,X,X,,X,
PBX1,,X,,X,,,,,
PC,,,,X,,,,,
PCBP1,,,,X,,,,,
PCDHB1,,,X,,,,,,
PCLO,,,,X,,,,,
PCM1,,X,,X,,,,,
PCNX1,,,X,,,,,,
PCSK7,,X,,X,,,,,
PDCD1,,,,X,,,,X,
PDCD11,,,,X,,,,,
PDCD1LG2,,X,,X,X,,,,
PDCD4,,,,,,X,,,
PDE1C,,,X,,,,,,
PDE3A,,,X,,,,,,
PDE4DIP,,X,,X,,,,,
PDE6B,,,X,,,,,,
PDE7B,,,X,,,,,,
PDGFB,,X,X,X,X,,,,
PDGFRA,,X,X,X,X,X,X,X,X
PDGFRB,,X,X,X,X,X,X,X,X
PDGFRL,,,X,,,,,,
PDK1,,,,X,X,,,,
PDK4,,,X,,,,,,
PDP2,,,X,,,,,,
PDPK1,,,,,,,,X,
PER1,,X,,X,,,,,
PGPEP1,,,X,,,,,,
PGR,,,,,,X,,,X
PHB,,,X,,,,,,
PHF1,,,,X,,,,,
PHF2,,,X,,,,,,
PHF24,,,X,,,,,,
PHF6,,X,,X,X,,,,
PHOX2B,,X,X,,X,,,X,
PICALM,,X,,X,,,,,
PIGH,,,X,,,,,,
PIK3C2B,,,,X,,,,,
PIK3C2G,,,,,,,,X,
PIK3C3,,,,,,,,X,
PIK3CA,,X,X,X,X,X,X,X,X
PIK3CB,,,,X,,,X,X,
PIK3CD,,,,,,,,X,
PIK3CG,,,X,X,X,,,X,
PIK3R1,,X,X,X,X,X,X,X,X
PIK3R2,,,X,X,X,,,X,
PIK3R3,,,,,,,,X,
PIM1,,X,,X,,X,,X,
PITX2,,,X,,,,,,
PKD2L1,,,X,,,,,,
PKHD1,,,X,,,,,,
PLA2G2A,,,X,,,,,,
PLAG1,,X,,X,X,,,,
PLB1,,,X,,,,,,
PLCB4,,,X,,X,,,,
PLCG1,,X,,,,,,,
PLCG2,,,X,X,,,,,
PLEKHA4,,,X,,,,,,
PLEKHG1,,,X,,,,,,
PLEKHG4B,,,X,,,,,,
PLK2,,,,,,,,X,
PMAIP1,,,,,,,,X,
PML,,X,X,X,,X,,,
PMS1,,X,X,,X,,,X,
PMS2,,X,X,X,,X,,X,X
PMVK,,,X,,,,,,
PNP,,,X,,,,,,
PNRC1,,,,,,,,X,
PODN,,,X,,,,,,
POLA1,,,,,,,,,X
POLB,,,,,,,,,X
POLD1,,,X,X,X,,,,
POLE,,X,X,X,X,X,,X,
POLG2,,,X,,,,,,
POLH,,,X,,,,,,
POLK,,,X,,,,,,
POLN,,,X,,,,,,
POLQ,,,,,X,,,,
POT1,,X,,,X,X,,,
POU2AF1,,X,,X,,,,,
POU3F2,,,,,X,,,,
POU5F1,,X,,,,X,,,
POU6F2,,,X,,,,,,
PPARG,,X,X,,,,,,
PPFIBP1,,X,,,,,,,
PPIP5K2,,,X,,,,,,
PPM1D,,X,X,,X,,,,
PPP1CB,,,,X,,,,,
PPP1R15A,,,,,,X,,,
PPP1R1A,,,X,,,,,,
PPP1R3C,,,X,,,,,,
PPP2CA,,,X,,,,,,
PPP2R1A,,X,X,X,X,,,X,
PPP2R1B,,,X,,,,,,
PPP2R5C,,,X,,,,,,
PPP6C,,X,X,,X,,,,
PPP6R2,,,X,,,,,,
PPRC1,,,X,,,,,,
PRCC,,X,,,,,,,
PRDM1,,X,,X,X,X,,X,
PRDM16,,X,,X,,,,,
PREX2,,X,X,X,X,,,,
PRF1,,X,X,,,,,,
PRKAA2,,,,,,X,,,
PRKACA,,X,,,X,X,,,
PRKAG2,,,,,X,,,,
PRKAR1A,,X,X,X,X,,,X,
PRKCA,,,,,X,,,,
PRKCH,,,,,X,,,,
PRKCI,,,,X,,,,,
PRKD1,,,X,,,,,,
PRKDC,,,,X,X,,,,
PRKN,,,X,X,,,,X,
PROM1,,,,,,X,,,
PRPH2,,,X,,,,,,
PRRX1,,X,,X,,,,,
PRSS1,,,X,,,,,,
PRSS22,,,X,,,,,,
PRSS8,,,,X,,,,,
PSIP1,,X,,X,,,,,
PSMB8,,,,,,X,,,
PSMC1,,,X,,,,,,
PTCH1,,X,X,X,X,X,X,X,X
PTCH2,,,X,,X,,,,
PTEN,,X,X,X,X,X,X,X,X
PTGS2,,,,,,X,,,X
PTH,,,X,,,,,,
PTK2B,,,,,X,,,,
PTK6,,X,,,,,,,
PTK7,,,,X,,,,,
PTP4A3,,,,,,X,,,
PTPN1,,,,,X,,,,
PTPN11,,X,X,X,X,X,,X,X
PTPN12,,,X,,,,,,
PTPN13,,X,,,,,,,
PTPN21,,,X,,,,,,
PTPN3,,,X,,,,,,
PTPRB,,X,,,X,X,,,
PTPRC,,X,X,,,,,,
PTPRD,,,X,,X,X,,X,
PTPRF,,,,,,X,,,
PTPRJ,,,X,,,,,,
PTPRK,,X,,,X,,,,
PTPRN2,,,X,,,,,,
PTPRO,,,,X,,,,,
PTPRS,,,,,,,,X,
PTPRT,,X,,,X,X,,X,
PTTG1,,,,,,X,,,
PWWP2A,,X,,,,,,,
PYCR3,,,X,,,,,,
PYHIN1,,,X,,,,,,
QKI,,X,,X,,,,,
RAB11FIP4,,,X,,,,,,
RAB35,,,,,,,X,,
RABEP1,,X,,X,,,,,
RAC1,,X,X,X,X,X,,X,
RAC2,,,X,,,,,,
RAD21,,X,,X,X,,,,
RAD23B,,,,,,X,,,
RAD50,,,X,X,X,,,X,
RAD51,,,X,X,X,,,X,
RAD51B,,X,X,,,,,X,
RAD51C,,,X,,X,,,X,
RAD51D,,,X,,X,X,,X,
RAD52,,,,,,,,X,
RAD54B,,,X,,,,,,
RAD54L,,,X,,,,,X,
RAF1,,X,X,X,X,X,X,X,X
RAG1,,,X,,,,,,
RAG2,,,X,,,,,,
RALGDS,,X,,X,,,,,
RANBP17,,X,,,,,,,
RANBP2,,X,,X,,,,,
RAP1GDS1,,X,,X,,,,,
RAPGEF1,,,X,,,,,,
RAPGEFL1,,,X,,,,,,
RAPH1,,,X,,,,,,
RARA,,X,,X,X,,X,X,X
RASA1,,,X,,X,,,X,
RASA2,,,,,X,,,,
RASAL2,,,X,,,,,,
RB1,,X,X,X,X,X,X,X,
RB1CC1,,,X,,,,,,
RBAK,,,X,,,,,,
RBBP8,,,X,,,,,,
RBM10,,X,,X,X,,,X,
RBM15,,X,,X,,,,,
RCC2,,,X,,,,,,
RECQL4,,X,X,,,,,X,
REL,,X,,,X,X,,X,
RELA,,,,,X,,,,
RERGL,,,X,,,,,,
RET,,X,X,X,X,X,X,X,X
REV3L,,,X,,,,,,
RFWD2,,,,,,,,X,
RHBDF2,,,X,,,,,,
RHEB,,,X,,X,,X,,
RHOA,,X,X,X,X,X,,X,
RHOBTB2,,,X,,,,,,
RHOH,,X,,X,,,,,
RICTOR,,,,X,X,X,,X,X
RINT1,,,X,,,,,,
RIPOR3,,,X,,,,,,
RIT1,,,,,X,X,,X,
RLIM,,,X,,,,,,
RMI2,,X,,,,,,,
RMRP,,,X,,,,,,
RNASEL,,,X,,,,,,
RNF212,,,X,,,,,,
RNF213,,X,,X,,,,,
RNF216,,,X,,,,,,
RNF217-AS1,,X,,,,,,,
RNF43,,X,X,X,X,,X,X,
RNF6,,,X,,,,,,
ROBO1,,,,,X,,,,
ROBO4,,,,,,X,,,
ROCK1,,,X,,,,,,
ROS1,,X,X,X,X,X,X,X,
RP1,,,X,,,,,,
RP1L1,,,X,,,,,,
RPL10,,X,,,X,,,,
RPL10L,,,X,,,,,,
RPL11,,,X,,,,,,
RPL22,,X,,X,,,,,
RPL26,,,X,,,,,,
RPL35A,,,X,,,,,,
RPL5,,X,X,,,,,,
RPN1,,X,,X,,,,,
RPS10,,,X,,,,,,
RPS17,,,X,,,,,,
RPS19,,,X,,,,,,
RPS24,,,X,,,,,,
RPS26,,,X,,,,,,
RPS6,,,,,,X,,,
RPS6KA4,,,,,,,,X,
RPS6KB2,,,,,,,,X,
RPS6KC1,,,X,,,,,,
RPS7,,,X,,,,,,
RPTOR,,,,X,X,,,X,
RPUSD1,,,X,,,,,,
RRAGC,,,,,X,,,,
RRAS,,,,,X,,,,
RRAS2,,,X,,X,,,,
RRM1,,,,,,X,,,X
RRM2,,,,,,X,,,
RRP1,,,X,,,,,,
RSF1,,,,,,X,,,
RSPO1,,,X,,,,,,
RSPO2,,X,,,X,,X,,
RSPO3,,X,,,X,,,,
RTEL1,,,X,,,,,,
RUBCNL,,,X,,,,,,
RUNDC1,,,X,,,,,,
RUNDC2A,,X,,,,,,,
RUNX1,,X,X,X,X,X,X,X,X
RUNX1T1,,X,,X,X,,,,X
RUNX2,,,,X,,,,,
RXRA,,,X,,,,,,
RXRB,,,,,,,,,X
RYBP,,,,,,,,X,
RYR1,,,X,,,,,,
RYR2,,,X,,,,,,
S100A3,,,X,,,,,,
SAFB2,,,X,,,,,,
SALL4,,X,,,,,,,
SAMD9L,,,X,,,,,,
SASH1,,,X,,,,,,
SBDS,,X,X,,,,,,
SBNO1,,,X,,,,,,
SCG5,,,X,,,,,,
SCGB1A1,,,X,,,,,,
SCGB3A2,,,X,,,,,,
SCN2A,,,X,,,,,,
SCN4A,,,X,,,,,,
SCNN1A,,,X,,,,,,
SCRN1,,,X,,,,,,
SCUBE3,,,X,,,,,,
SDC4,,X,,,,,,,
SDHA,,X,X,X,,,,X,
SDHAF2,,X,X,,,,,X,
SDHB,,X,X,X,X,,,X,X
SDHC,,X,X,X,,,,X,X
SDHD,,X,X,X,X,,,X,X
SDK1,,,X,,,,,,
SEC14L1,,,X,,,,,,
SEC23B,,,X,,,,,,
SEC31A,,,,X,,,,,
5-Sep,,X,,X,,,,,
6-Sep,,X,,X,,,,,
9-Sep,,X,,X,,,,,
SERP2,,,,X,,,,,
SERPINA1,,,X,,,,,,
SERPINB13,,,X,,,,,,
SERPINB4,,,X,,,,,,
SET,,X,,X,,,,,
SETBP1,,X,X,X,X,X,,,
SETD2,,X,,X,X,,,X,
SEZ6L,,,X,,,,,,
SF3B1,,X,X,X,X,X,,X,
SF3B2,,,X,,,,,,
SF3B3,,,X,,,,,,
SFPQ,,X,,,,,,,
SFRP4,,X,,,,,,,
SFTPA2,,,X,,,,,,
SFTPC,,,X,,,,,,
SGK1,,,,,,X,,,
SGK3,,,X,,,,,,
SGSM2,,,X,,,,,,
SH2B3,,X,X,,X,X,,,
SH2D1A,,,X,,,,,X,
SH3BP2,,,X,,,,,,
SH3GL1,,X,,X,,,,,
SHCBP1L,,,X,,,,,,
SHH,,,,,X,,,,
SHMT1,,,X,,,,,,
SHOX,,,X,,,,,,
SHQ1,,,,,,,,X,
SI,,,X,,,,,,
SIGLEC6,,,X,,,,,,
SIN3A,,,,,X,,,,
SIRT1,,,,,,X,,,
SKI,,,X,,,,,,
SKIL,,,X,,,,,,
SLC13A3,,,X,,,,,,
SLC16A2,,,X,,,,,,
SLC19A1,,,X,,,,,,
SLC1A2,,,,X,,,,,
SLC22A18,,,X,,,,,,
SLC25A13,,,X,,,,,,
SLC25A22,,,X,,,,,,
SLC25A32,,,X,,,,,,
SLC25A47,,,X,,,,,,
SLC26A2,,,X,,,,,,
SLC2A4RG,,,X,,,,,,
SLC30A2,,,X,,,,,,
SLC34A1,,,X,,,,,,
SLC34A2,,X,,,,,,,
SLC35A5,,,X,,,,,,
SLC35C1,,,X,,,,,,
SLC35G1,,,X,,,,,,
SLC37A4,,,X,,,,,,
SLC45A2,,,X,,,,,,
SLC45A3,,X,,,,,,,
SLC46A3,,,X,,,,,,
SLC5A2,,,X,,,,,,
SLC5A7,,,X,,,,,,
SLC6A9,,,X,,,,,,
SLC8A3,,,X,,,,,,
SLCO1B1,,,,,,X,,,
SLFN11,,,,,,X,,,
SLIT2,,,,X,X,,,,
SLITRK6,,,X,,X,,,,
SLX4,,,X,,,,,,
SMAD2,,X,,X,X,,X,X,
SMAD3,,X,,X,X,,,X,
SMAD4,,X,X,X,X,X,X,X,
SMAD7,,,X,,,,,,
SMARCA1,,,,X,,,,,
SMARCA2,,,,,X,,,,
SMARCA4,,X,X,X,X,X,X,X,
SMARCB1,,X,X,X,X,X,X,X,
SMARCC2,,,X,,,,,,
SMARCD1,,X,,,,,,X,
SMARCE1,,X,X,,,,,,
SMC1A,,,,X,X,,,,
SMC3,,,,,X,,,,
SMO,,X,X,X,X,X,X,X,X
SMUG1,,,X,,,,,,
SNAI2,,,X,,,,,,
SNCAIP,,,,X,X,,,,
SND1,,X,,,,,,,
SNX29,,,,X,,,,,
SOCS1,,X,,X,X,,,X,X
SOCS3,,,,X,,,,,
SORBS1,,,X,,,,,,
SORCS1,,,X,,,,,,
SOS1,,,,,X,,,,
SOS2,,,,,X,,,,
SOX10,,,,X,X,X,,,
SOX17,,,,,,,,X,
SOX2,,X,,X,X,,,X,
SOX9,,,X,X,X,,,X,
SP4,,,X,,,,,,
SPARC,,,,,,,,,X
SPATA18,,,X,,,,,,
SPECC1,,X,,,,,,,
SPECC1L,,,X,,,,,,
SPEN,,X,X,X,X,,,X,
SPHK1,,,,,,X,,,
SPINK1,,,X,,,,,,X
SPINK5,,,X,,,,,,
SPOP,,X,X,X,X,,,X,
SPRED1,,,X,,X,,,,
SPRY1,,,,,X,,,,
SPRY2,,,,,X,,,,
SPRY4,,,,,X,,,,
SPTA1,,,,X,X,,,,
SQSTM1,,,X,,,,,,
SRC,,X,X,X,X,,,X,X
SRGAP1,,,X,,,,,,
SRGAP3,,X,,,,,,,
SRSF2,,X,,,X,X,,,
SRSF3,,X,,X,,,,,
SS18,,X,,X,X,,,,
SS18L1,,X,,,,,,,
SSBP2,,,X,,,,,,
SSTR1,,,,,,,,,X
SSX1,,X,,X,,X,,,
SSX2,,X,,X,,X,,,
SSX4,,X,,X,,X,,,
ST8SIA6,,,X,,,,,,
STAC3,,,X,,,,,,
STAG2,,X,,X,X,X,,X,
STAG3,,,,,,X,,,
STAT3,,X,,X,X,X,,,
STAT4,,,,X,X,,,,
STAT5A,,,,X,,,,,
STAT5B,,X,,X,,,,,
STAT6,,X,,X,X,,,,
STIL,,X,,,,,,,
STK11,,X,X,X,X,X,X,X,X
STK19,,,X,,,,,,
STK33,,,X,,,,,,
STK4,,,X,,,,,,
STK40,,,,,,,,X,
STMN1,,,,,,X,,,
STRN,,X,,,,,,,
STS,,,X,,,,,,
STX11,,,X,,,,,,
STX8,,,X,,,,,,
STXBP1,,,X,,,,,,
STXBP2,,,X,,,,,,
SUFU,,X,X,X,X,,,X,
SULT1E1,,,,,,X,,,
SUZ12,,X,,,,,,X,
SV2B,,,X,,,,,,
SYCP2,,,X,,,,,,
SYK,,X,,X,X,X,X,X,X
SYNE1,,,,,X,,,,
SYNGR1,,,X,,,,,,
SYT6,,,X,,,,,,
TADA1,,,,,X,,,,
TAF1,,,,X,,,,,
TAF15,,X,,X,,,,,
TAL1,,X,,X,,,,,
TAL2,,X,,X,,,,,
TAOK3,,,X,,,,,,
TAS2R20,,,X,,,,,,
TBK1,,,,,,X,,,
TBL1XR1,,X,,X,,,,,
TBX18,,,X,,,,,,
TBX3,,X,,X,X,,,X,
TCEA1,,X,,,,,,,
TCEB1,,,,,X,,,,
TCF12,,X,,,,,,,
TCF3,,X,,X,,,,,
TCF7L1,,,,X,,,,,
TCF7L2,,X,,,X,,,,
TCIRG1,,,X,,,,,,
TCL1A,,X,,X,,,,,
TCL6,,X,,,,,,,
TEC,,,,X,,,,,
TEK,,,X,,,,,,
TERC,,,X,X,,,,,
TERT,,X,X,X,X,X,,X,
TET1,,X,,X,,,,X,
TET2,,X,X,X,X,X,X,X,X
TEX14,,,X,,,,,,
TF,,,X,,,,,,
TFE3,,X,,X,X,,,,
TFEB,,X,,,X,,,,
TFF3,,,,,,X,,,
TFG,,X,,X,,,,,
TFPT,,X,,X,,,,,
TFRC,,X,,X,,,,,
TG,,,X,,,,,,
TGFA,,,,,,X,,,
TGFBR1,,,X,,,,,X,
TGFBR2,,X,X,X,X,,,X,
TGFBR3,,,X,,,,,,
TGM6,,,X,,,,,,
THBS2,,,,,,X,,,
THBS3,,,X,,,,,,
THPO,,,X,,,,,,
THRAP3,,X,,,,,,,
TIMP1,,,,,,X,,,
TINF2,,,X,,,,,,
TK1,,,,,,,,,X
TLL2,,,,X,,,,,
TLR2,,,X,,,,,,
TLR4,,,,,X,,,,
TLR5,,,X,,,,,,
TLX1,,X,,X,,,,,
TLX3,,X,,X,,,,,
TMC6,,,X,,,,,,
TMC8,,,X,,,,,,
TMCO5A,,,X,,,,,,
TMED9,,,X,,,,,,
TMEM127,,X,X,,,,,X,X
TMEM183A,,,X,,,,,,
TMEM230,,,X,,,,,,
TMEM94,,,X,,,,,,
TMPRSS2,,X,X,X,X,X,X,X,
TNF,,,X,,,,,,X
TNFAIP3,,X,,X,X,,,X,
TNFRSF10B,,,X,,,,,,
TNFRSF11A,,,X,X,,,,,
TNFRSF11B,,,X,,,,,,
TNFRSF13B,,,X,,,,,,
TNFRSF13C,,,X,,,,,,
TNFRSF14,,X,,X,X,,,X,
TNFRSF17,,X,,X,,,,,
TNFRSF1A,,,X,,,,,,
TNFRSF8,,,X,,,,,,
TNFSF11,,,X,,,,,,
TOP1,,X,,X,X,X,,X,X
TOP2A,,,,X,X,X,,,X
TOP2B,,,,,,,,,X
TOPORS,,,X,,,,,,
TP53,,X,X,X,X,X,X,X,X
TP63,,X,X,X,,,,X,
TPM3,,X,,X,,,,,
TPM4,,X,,X,,,,,
TPMT,,,X,,,,,,X
TPR,,X,,,,,,,
TRA,,X,,,,,,,
TRAF3,,,,,X,,,,
TRAF7,,X,,,X,,,X,
TRB,,X,,,,,,,
TRD,,X,,,,,,,
TRDN,,,X,,,,,,
TRG,,,,X,,,,,
TRIM24,,X,,X,,,,,
TRIM27,,X,,,,,,,
TRIM28,,,X,,X,,,,
TRIM33,,X,,,,,,,
TRIM37,,,X,,,,,,
TRIML1,,,X,,,,,,
TRIP11,,X,,X,,,,,
TRIP12,,,X,,,,,,
TRPC1,,,X,,,,,,
TRPC4,,,X,,,,,,
TRPM3,,,X,,,,,,
TRRAP,,X,X,,,,,,
TSC1,,X,X,X,X,X,X,X,X
TSC2,,X,X,X,X,X,X,X,X
TSG101,,,X,,,,,,
TSHR,,X,X,X,X,,,X,
TSHZ2,,,,,X,,,,
TSHZ3,,,X,,X,,,,
TSLP,,,,,X,,,,
TSNAXIP1,,,X,,,,,,
TSPAN5,,,X,,,,,,
TSPAN8,,,X,,,,,,
TTC37,,,X,,,,,,
TTF1,,,,,,X,,,
TTK,,,X,,,,,,
TTL,,X,,X,,,,,
TTYH1,,,,,X,,,,
TUBB3,,,X,,,X,,,
TUSC3,,,,X,,,,,
TXNRD1,,,,,,,,,X
TYK2,,,,X,X,,,,
TYMS,,,,,,X,,,X
TYR,,,X,,,,,,
TYRP1,,,X,,,,,,
U2AF1,,X,X,X,X,X,,X,
UBR5,,X,,,,,,,
UGT1A,,,,,,X,,,
UGT1A1,,,,,,X,,,X
ULK2,,,X,,,,,,
UMODL1,,,X,,,,,,
UNC13D,,,X,,,,,,
UNC79,,,X,,,,,,
URB2,,,X,,,,,,
UROD,,,X,,,,,,
USF2,,,X,,,,,,
USH2A,,,X,,,,,,
USP28,,,X,,,,,,
USP48,,,X,,,,,,
USP6,,X,,X,X,,,,
USP7,,,,,X,,,,
USP8,,X,X,,,,,,
UVRAG,,,X,,,,,,
VANGL1,,,X,,,,,,
VCAN,,,X,,,,,,
VEGFA,,,,X,X,X,,,
VHL,,X,X,X,X,X,X,X,X
VKORC1L1,,,X,,,,,,
VMP1,,,X,,,,,,
VNN2,,,X,,,,,,
VPS37A,,,,,,X,,,
VTCN1,,,,,,,,X,
VTI1A,,X,,,,,,,
WAS,,X,X,,,,,,
WDFY3,,,X,,,,,,
WDR49,,,X,,,,,,
WEE1,,,,,,X,,,
WHSC1,,X,,,,,,,
WHSC1L1,,X,,,,,,,
WIF1,,X,,,,,,,
WISP3,,,,X,X,,,,
WRAP53,,,X,,,,,,
WRN,,X,X,,X,,,,
WT1,,X,X,X,X,X,X,X,X
WWC3,,,X,,,,,,
WWOX,,,X,,,,,,
WWTR1,,X,,,,X,,,
XBP1,,,,X,X,,,,
XBP1P1,,,,X,,,,,
XIAP,,,X,,,,,X,
XPA,,X,X,,,,,,
XPC,,X,X,,,,,,
XPO1,,X,X,X,X,,X,X,
XRCC1,,,X,,,X,,,
XRCC2,,,X,,,,,,
XRCC3,,,X,,,,,,
YAP1,,,,,X,X,,X,
YEATS2,,,X,,,,,,
YES1,,,,,,,,X,
YPEL5,,,,X,,,,,
YTHDC2,,,X,,,,,,
YWHAE,,X,,,X,,,,
YY1AP1,,,,X,,,,,
ZBTB16,,X,,X,,,,,
ZBTB2,,,,X,,,,,
ZBTB20,,,,,X,,,,
ZCCHC8,,X,,,,,,,
ZDBF2,,,X,,,,,,
ZDHHC8,,,X,,,,,,
ZEB1,,,,,,X,,,
ZFHX3,,X,X,,X,,,,
ZFHX4,,,,,X,,,,
ZKSCAN1,,,X,,,,,,
ZMAT3,,,X,,,,,,
ZMYM2,,,,X,,,,,
ZMYM3,,,,,X,,,,
ZNF100,,,X,,,,,,
ZNF136,,,X,,,,,,
ZNF184,,,X,,,,,,
ZNF198,,X,,,,,,,
ZNF217,,,,X,X,,,,
ZNF224,,,X,,,,,,
ZNF278,,X,,,,,,,
ZNF287,,,X,,,,,,
ZNF304,,,X,,,,,,
ZNF331,,X,,,,,,,
ZNF384,,X,,X,,,,,
ZNF419,,,X,,,,,,
ZNF420,,,X,,,,,,
ZNF431,,,X,,,,,,
ZNF473,,,X,,,,,,
ZNF48,,,X,,,,,,
ZNF521,,X,,X,,,,,
ZNF534,,,X,,,,,,
ZNF560,,,X,,,,,,
ZNF703,,,,X,X,,,,
ZNF717,,,X,,,,,,
ZNF772,,,X,,,,,,
ZNF776,,,X,,,,,,
ZNRF3,,,,,,,X,,
ZP4,,,X,,,,,,
ZRSR2,,X,,,X,,,,
ZSCAN2,,,X,,,,,,
GLIS2,X,,,,,,,,
